time,count_aircraft,count_conflict_nodes,count,count_conflict
00:00:30,2,0,0,0
00:01:00,2,0,0,0
00:01:30,2,0,0,0
00:02:00,2,0,0,0
00:02:30,2,0,0,0
00:03:00,2,0,0,0
00:03:30,2,0,0,0
00:04:00,2,0,0,0
00:04:30,3,0,0,0
00:05:00,3,0,0,0
00:05:30,3,0,0,0
00:06:00,3,0,0,0
00:06:30,3,0,0,1
00:07:00,3,0,0,1
00:07:30,3,0,0,1
00:08:00,3,0,0,1
00:08:30,4,0,0,2
00:09:00,4,0,0,2
00:09:30,4,0,0,2
00:10:00,4,0,0,2
00:10:30,4,0,0,2
00:11:00,4,0,0,2
00:11:30,4,0,0,2
00:12:00,4,0,0,2
00:12:30,4,0,0,2
00:13:00,4,0,0,2
00:13:30,5,0,0,2
00:14:00,5,0,0,2
00:14:30,5,0,0,2
00:15:00,5,0,0,2
00:15:30,5,0,0,2
00:16:00,5,0,0,2
00:16:30,5,0,0,6
00:17:00,5,0,0,10
00:17:30,5,0,0,10
00:18:00,5,1,2,10
00:18:30,6,1,2,10
00:19:00,6,1,2,10
00:19:30,6,1,2,10
00:20:00,6,1,2,10
00:20:30,6,1,2,10
00:21:00,6,1,2,10
00:21:30,6,1,2,10
00:22:00,6,1,2,10
00:22:30,7,1,2,11
00:23:00,7,1,2,11
00:23:30,7,1,2,11
00:24:00,7,1,2,11
00:24:30,7,1,2,11
00:25:00,7,1,2,11
00:25:30,8,1,2,11
00:26:00,8,1,2,11
00:26:30,8,1,2,11
00:27:00,8,1,2,11
00:27:30,8,1,2,11
00:28:00,8,1,2,11
00:28:30,8,1,2,11
00:29:00,8,1,2,11
00:29:30,8,1,2,11
00:30:00,8,1,2,11
00:30:30,8,1,3,11
00:31:00,8,1,3,11
00:31:30,8,1,2,12
00:32:00,8,1,2,21
00:32:30,8,1,2,21
00:33:00,8,3,6,21
00:33:30,8,3,6,21
00:34:00,8,3,6,21
00:34:30,8,3,6,21
00:35:00,8,3,6,21
00:35:30,8,3,6,21
00:36:00,8,3,6,21
00:36:30,8,2,4,16
00:37:00,8,2,4,16
00:37:30,8,2,4,16
00:38:00,8,2,4,16
00:38:30,8,2,4,16
00:39:00,8,2,5,16
00:39:30,8,2,5,16
00:40:00,8,2,5,16
00:40:30,9,1,4,16
00:41:00,8,1,3,11
00:41:30,8,1,3,11
00:42:00,7,1,2,7
00:42:30,7,1,2,7
00:43:00,7,1,2,7
00:43:30,6,0,0,4
00:44:00,6,0,0,4
00:44:30,7,1,2,6
00:45:00,7,1,2,6
00:45:30,7,0,0,5
00:46:00,7,0,0,4
00:46:30,7,0,0,8
00:47:00,7,0,0,15
00:47:30,6,0,0,10
00:48:00,6,2,4,10
00:48:30,6,2,4,10
00:49:00,6,1,2,10
00:49:30,7,1,2,11
00:50:00,7,1,2,11
00:50:30,7,1,2,11
00:51:00,7,1,2,11
00:51:30,7,1,2,11
00:52:00,7,1,2,11
00:52:30,6,0,0,7
00:53:00,6,0,0,7
00:53:30,6,0,0,7
00:54:00,6,1,2,7
00:54:30,6,1,2,4
00:55:00,6,1,2,4
00:55:30,6,1,2,4
00:56:00,6,1,2,4
00:56:30,6,1,2,4
00:57:00,6,1,2,4
00:57:30,6,1,2,4
00:58:00,6,1,2,4
00:58:30,6,1,2,4
00:59:00,6,1,2,4
00:59:30,7,2,4,6
01:00:00,7,2,4,6
01:00:30,7,2,4,4
01:01:00,7,2,4,4
01:01:30,7,2,4,6
01:02:00,7,2,4,11
01:02:30,7,2,4,11
01:03:00,7,2,4,11
01:03:30,7,2,4,9
01:04:00,6,2,4,7
01:04:30,6,2,4,7
01:05:00,6,2,4,7
01:05:30,7,1,2,11
01:06:00,7,1,2,11
01:06:30,7,1,2,10
01:07:00,6,1,2,7
01:07:30,5,0,0,4
01:08:00,5,0,0,6
01:08:30,6,0,0,6
01:09:00,6,0,0,6
01:09:30,6,0,0,6
01:10:00,6,1,2,6
01:10:30,6,1,2,6
01:11:00,6,1,2,6
01:11:30,6,1,2,6
01:12:00,6,1,2,6
01:12:30,6,1,2,6
01:13:00,6,1,2,6
01:13:30,6,1,2,6
01:14:00,6,1,2,6
01:14:30,7,2,4,7
01:15:00,7,2,4,7
01:15:30,6,1,2,4
01:16:00,6,1,2,4
01:16:30,6,1,2,7
01:17:00,6,1,2,15
01:17:30,6,1,2,15
01:18:00,6,1,2,15
01:18:30,7,1,2,10
01:19:00,7,2,4,15
01:19:30,7,2,4,15
01:20:00,7,2,4,15
01:20:30,7,2,4,15
01:21:00,7,2,4,15
01:21:30,7,2,4,15
01:22:00,7,2,4,15
01:22:30,8,2,4,15
01:23:00,7,1,2,10
01:23:30,7,1,2,10
01:24:00,7,2,4,10
01:24:30,6,1,2,6
01:25:00,6,1,3,6
01:25:30,6,1,3,6
01:26:00,5,1,2,3
01:26:30,6,1,2,4
01:27:00,6,1,2,4
01:27:30,6,1,2,4
01:28:00,6,1,2,4
01:28:30,6,1,2,4
01:29:00,6,1,2,4
01:29:30,6,1,2,4
01:30:00,6,1,2,4
01:30:30,7,1,2,5
01:31:00,7,1,2,4
01:31:30,7,1,2,7
01:32:00,7,1,2,15
01:32:30,7,1,2,15
01:33:00,7,1,2,15
01:33:30,7,1,2,14
01:34:00,7,2,4,15
01:34:30,7,2,4,16
01:35:00,6,1,2,15
01:35:30,6,1,2,15
01:36:00,6,1,2,15
01:36:30,7,1,2,15
01:37:00,7,1,2,15
01:37:30,7,1,2,15
01:38:00,7,1,2,15
01:38:30,7,1,2,15
01:39:00,7,1,2,15
01:39:30,7,1,2,14
01:40:00,7,1,3,15
01:40:30,7,1,3,15
01:41:00,7,1,3,15
01:41:30,8,1,3,15
01:42:00,8,1,3,15
01:42:30,8,1,3,15
01:43:00,8,2,5,15
01:43:30,8,2,5,15
01:44:00,8,2,5,15
01:44:30,7,2,4,10
01:45:00,7,2,4,10
01:45:30,7,2,4,10
01:46:00,7,2,4,10
01:46:30,8,2,4,12
01:47:00,8,2,4,16
01:47:30,8,2,4,16
01:48:00,8,2,4,15
01:48:30,7,2,4,11
01:49:00,6,1,2,7
01:49:30,6,1,2,7
01:50:00,6,1,2,7
01:50:30,6,2,4,10
01:51:00,6,2,4,10
01:51:30,6,1,2,6
01:52:00,6,1,2,6
01:52:30,6,1,2,6
01:53:00,6,1,2,6
01:53:30,6,1,2,6
01:54:00,6,1,2,6
01:54:30,6,1,2,6
01:55:00,6,1,2,6
01:55:30,6,1,2,6
01:56:00,6,1,2,6
01:56:30,7,1,2,7
01:57:00,7,1,2,7
01:57:30,7,1,2,7
01:58:00,7,1,2,7
01:58:30,7,1,2,7
01:59:00,7,1,2,7
01:59:30,7,2,4,7
02:00:00,6,1,2,4
02:00:30,6,1,2,4
02:01:00,6,1,2,4
02:01:30,7,1,2,7
02:02:00,7,1,2,10
02:02:30,7,1,2,10
02:03:00,7,1,2,10
02:03:30,7,1,2,10
02:04:00,6,1,2,6
02:04:30,6,1,2,6
02:05:00,6,1,2,6
02:05:30,6,1,2,6
02:06:00,6,1,2,6
02:06:30,7,2,4,7
02:07:00,7,2,4,7
02:07:30,7,2,4,7
02:08:00,7,2,4,7
02:08:30,7,2,4,7
02:09:00,7,2,4,7
02:09:30,7,2,4,7
02:10:00,7,2,5,7
02:10:30,7,2,5,7
02:11:00,7,2,5,7
02:11:30,8,2,5,8
02:12:00,8,2,5,8
02:12:30,8,2,5,8
02:13:00,8,2,5,8
02:13:30,8,2,5,8
02:14:00,8,2,5,8
02:14:30,8,2,5,8
02:15:00,8,2,5,8
02:15:30,8,1,3,8
02:16:00,8,1,3,7
02:16:30,9,1,3,11
02:17:00,9,1,3,21
02:17:30,9,1,3,21
02:18:00,9,1,4,21
02:18:30,9,1,4,20
02:19:00,8,1,4,15
02:19:30,8,1,4,15
02:20:00,8,1,4,15
02:20:30,9,2,6,16
02:21:00,9,2,6,16
02:21:30,9,2,6,16
02:22:00,9,2,6,16
02:22:30,9,2,6,16
02:23:00,9,2,6,16
02:23:30,9,2,6,16
02:24:00,9,2,5,16
02:24:30,10,2,5,17
02:25:00,10,2,6,17
02:25:30,10,2,6,17
02:26:00,10,2,6,17
02:26:30,10,2,6,17
02:27:00,10,2,6,17
02:27:30,10,2,6,22
02:28:00,10,2,6,22
02:28:30,10,2,6,22
02:29:00,10,2,6,22
02:29:30,10,2,6,22
02:30:00,10,2,6,22
02:30:30,11,2,6,23
02:31:00,11,2,6,22
02:31:30,11,2,6,26
02:32:00,11,2,6,37
02:32:30,12,2,7,36
02:33:00,12,2,8,45
02:33:30,12,2,8,42
02:34:00,11,2,8,36
02:34:30,11,2,8,36
02:35:00,11,2,7,36
02:35:30,11,2,7,36
02:36:00,11,2,7,36
02:36:30,11,2,7,36
02:37:00,11,2,7,36
02:37:30,11,2,7,36
02:38:00,11,2,7,36
02:38:30,12,2,7,37
02:39:00,12,2,7,37
02:39:30,12,2,7,37
02:40:00,12,2,8,37
02:40:30,12,2,8,37
02:41:00,12,2,8,37
02:41:30,12,3,9,37
02:42:00,11,2,7,29
02:42:30,12,3,9,31
02:43:00,12,3,9,31
02:43:30,12,3,9,31
02:44:00,10,2,6,18
02:44:30,10,2,6,18
02:45:00,10,2,6,18
02:45:30,10,1,4,17
02:46:00,10,1,4,16
02:46:30,10,1,4,22
02:47:00,10,1,4,28
02:47:30,10,1,4,28
02:48:00,10,1,5,28
02:48:30,11,2,7,36
02:49:00,11,2,7,45
02:49:30,11,2,7,45
02:50:00,11,2,7,45
02:50:30,11,3,9,45
02:51:00,11,3,9,45
02:51:30,10,3,8,36
02:52:00,10,3,8,36
02:52:30,10,3,8,36
02:53:00,9,2,6,28
02:53:30,9,2,6,28
02:54:00,9,2,6,28
02:54:30,9,2,6,28
02:55:00,9,2,6,28
02:55:30,10,2,6,28
02:56:00,10,2,6,28
02:56:30,10,2,6,28
02:57:00,10,2,6,28
02:57:30,10,2,6,28
02:58:00,10,2,6,28
02:58:30,10,2,6,28
02:59:00,10,2,6,28
02:59:30,10,2,6,28
03:00:00,10,2,6,28
03:00:30,10,2,6,28
03:01:00,10,2,6,28
03:01:30,10,2,6,36
03:02:00,10,2,6,45
03:02:30,11,3,8,45
03:03:00,11,3,8,45
03:03:30,11,3,8,45
03:04:00,11,3,8,45
03:04:30,11,3,8,45
03:05:00,11,3,8,45
03:05:30,11,3,8,45
03:06:00,11,3,8,45
03:06:30,11,3,9,45
03:07:00,11,3,9,45
03:07:30,11,3,9,45
03:08:00,11,3,9,45
03:08:30,12,3,9,45
03:09:00,12,3,9,45
03:09:30,12,3,9,45
03:10:00,12,3,9,45
03:10:30,12,3,9,45
03:11:00,12,3,9,45
03:11:30,10,3,8,28
03:12:00,10,3,8,28
03:12:30,10,3,8,28
03:13:00,10,3,8,28
03:13:30,11,3,8,29
03:14:00,11,3,8,29
03:14:30,11,3,8,29
03:15:00,11,3,8,29
03:15:30,11,3,8,29
03:16:00,11,3,8,29
03:16:30,11,3,8,39
03:17:00,10,3,7,45
03:17:30,10,3,7,45
03:18:00,10,3,7,45
03:18:30,10,3,7,42
03:19:00,10,3,8,45
03:19:30,11,3,8,45
03:20:00,11,2,7,45
03:20:30,11,2,7,45
03:21:00,11,2,7,45
03:21:30,11,2,7,44
03:22:00,11,2,8,45
03:22:30,11,2,8,45
03:23:00,10,2,7,36
03:23:30,9,2,6,28
03:24:00,9,2,6,28
03:24:30,9,2,6,28
03:25:00,9,2,7,28
03:25:30,10,2,7,28
03:26:00,10,2,8,28
03:26:30,10,2,8,28
03:27:00,8,2,6,15
03:27:30,8,2,6,15
03:28:00,8,2,6,15
03:28:30,8,2,6,15
03:29:00,8,2,6,15
03:29:30,9,2,6,16
03:30:00,8,2,5,11
03:30:30,8,2,5,11
03:31:00,8,2,5,11
03:31:30,8,2,5,16
03:32:00,8,2,5,28
03:32:30,8,2,5,28
03:33:00,8,2,5,28
03:33:30,8,2,5,28
03:34:00,8,2,5,28
03:34:30,9,2,6,28
03:35:00,9,2,6,28
03:35:30,9,2,6,28
03:36:00,9,2,6,28
03:36:30,9,2,6,28
03:37:00,9,2,6,28
03:37:30,10,2,6,28
03:38:00,10,2,6,28
03:38:30,10,2,6,28
03:39:00,9,2,5,21
03:39:30,9,2,5,21
03:40:00,9,2,6,21
03:40:30,9,2,6,21
03:41:00,8,2,5,15
03:41:30,8,2,5,15
03:42:00,8,2,5,15
03:42:30,9,2,5,16
03:43:00,9,2,5,16
03:43:30,9,2,5,16
03:44:00,9,2,5,16
03:44:30,9,2,5,16
03:45:00,9,2,5,16
03:45:30,9,2,5,15
03:46:00,9,2,5,15
03:46:30,9,2,5,21
03:47:00,9,2,5,28
03:47:30,10,3,7,29
03:48:00,10,3,7,29
03:48:30,10,3,7,29
03:49:00,10,3,7,29
03:49:30,9,2,5,22
03:50:00,9,3,7,22
03:50:30,9,2,5,28
03:51:00,7,1,2,15
03:51:30,7,1,2,15
03:52:00,7,1,2,15
03:52:30,7,1,2,15
03:53:00,7,1,2,15
03:53:30,7,1,2,15
03:54:00,7,1,2,15
03:54:30,7,1,2,10
03:55:00,7,1,3,10
03:55:30,7,1,3,10
03:56:00,7,1,3,10
03:56:30,7,1,3,10
03:57:00,7,1,3,10
03:57:30,7,1,3,10
03:58:00,7,1,3,10
03:58:30,7,1,3,10
03:59:00,6,1,2,6
03:59:30,6,1,2,6
04:00:00,6,1,2,6
04:00:30,6,1,2,6
04:01:00,6,1,2,6
04:01:30,7,1,2,8
04:02:00,6,1,2,10
04:02:30,6,1,2,10
04:03:00,6,1,2,10
04:03:30,5,0,0,4
04:04:00,5,0,0,6
04:04:30,5,0,0,6
04:05:00,5,0,0,6
04:05:30,5,0,0,6
04:06:00,5,1,2,6
04:06:30,6,1,2,7
04:07:00,6,1,2,7
04:07:30,5,1,2,4
04:08:00,5,1,2,4
04:08:30,4,1,2,2
04:09:00,4,1,2,2
04:09:30,4,1,2,2
04:10:00,4,1,2,2
04:10:30,4,1,2,2
04:11:00,4,1,2,2
04:11:30,5,1,2,2
04:12:00,5,1,2,2
04:12:30,5,1,2,2
04:13:00,5,1,2,2
04:13:30,5,1,2,2
04:14:00,5,1,2,2
04:14:30,5,1,2,2
04:15:00,5,1,2,2
04:15:30,5,1,2,1
04:16:00,5,1,2,1
04:16:30,5,1,2,3
04:17:00,5,1,2,6
04:17:30,6,1,2,7
04:18:00,6,1,2,10
04:18:30,6,1,2,10
04:19:00,6,1,2,10
04:19:30,6,1,2,10
04:20:00,6,1,2,10
04:20:30,6,0,0,10
04:21:00,6,0,0,10
04:21:30,6,0,0,5
04:22:00,6,0,0,7
04:22:30,6,0,0,7
04:23:00,6,0,0,7
04:23:30,6,0,0,7
04:24:00,6,0,0,7
04:24:30,5,1,2,4
04:25:00,5,1,2,4
04:25:30,5,1,2,4
04:26:00,5,1,2,4
04:26:30,5,1,2,4
04:27:00,5,1,2,4
04:27:30,5,0,0,2
04:28:00,5,0,0,2
04:28:30,5,0,0,2
04:29:00,5,0,0,2
04:29:30,5,0,0,2
04:30:00,5,0,0,2
04:30:30,5,0,0,1
04:31:00,4,0,0,1
04:31:30,4,0,0,3
04:32:00,4,0,0,5
04:32:30,5,1,2,6
04:33:00,5,1,2,6
04:33:30,5,1,2,6
04:34:00,5,1,2,6
04:34:30,5,1,2,6
04:35:00,4,1,2,3
04:35:30,4,1,2,3
04:36:00,4,1,2,3
04:36:30,5,1,2,4
04:37:00,5,1,2,4
04:37:30,5,1,2,4
04:38:00,5,1,2,4
04:38:30,5,1,2,4
04:39:00,5,1,2,4
04:39:30,5,1,2,4
04:40:00,5,1,2,4
04:40:30,5,1,2,4
04:41:00,5,1,2,4
04:41:30,6,1,2,4
04:42:00,6,1,2,4
04:42:30,6,1,2,4
04:43:00,6,1,2,4
04:43:30,6,1,2,4
04:44:00,6,1,2,4
04:44:30,6,1,2,4
04:45:00,6,1,2,4
04:45:30,5,1,2,2
04:46:00,5,1,2,2
04:46:30,6,1,2,6
04:47:00,6,1,2,10
04:47:30,6,1,2,10
04:48:00,6,1,2,10
04:48:30,6,1,2,10
04:49:00,6,1,2,10
04:49:30,6,1,2,10
04:50:00,6,0,0,10
04:50:30,5,0,0,6
04:51:00,5,0,0,6
04:51:30,5,0,0,4
04:52:00,5,0,0,6
04:52:30,6,0,0,7
04:53:00,6,0,0,7
04:53:30,6,0,0,7
04:54:00,5,0,0,4
04:54:30,5,0,0,4
04:55:00,5,0,0,4
04:55:30,5,0,0,4
04:56:00,5,0,0,4
04:56:30,5,0,0,4
04:57:00,5,0,0,4
04:57:30,6,0,0,4
04:58:00,6,0,0,4
04:58:30,6,0,0,4
04:59:00,6,0,0,4
04:59:30,6,0,0,4
05:00:00,6,0,0,4
05:00:30,6,0,0,4
05:01:00,6,0,0,3
05:01:30,6,0,0,7
05:02:00,6,0,0,10
05:02:30,6,1,2,10
05:03:00,6,2,4,10
05:03:30,7,3,6,11
05:04:00,7,3,6,11
05:04:30,7,3,6,11
05:05:00,7,2,4,11
05:05:30,7,2,4,11
05:06:00,7,2,4,15
05:06:30,7,2,4,15
05:07:00,7,2,4,15
05:07:30,7,2,4,15
05:08:00,7,2,4,15
05:08:30,6,1,2,10
05:09:00,5,1,2,6
05:09:30,6,1,2,7
05:10:00,6,1,2,7
05:10:30,6,1,2,7
05:11:00,6,1,2,7
05:11:30,6,1,2,7
05:12:00,6,1,2,7
05:12:30,6,1,2,7
05:13:00,6,1,2,7
05:13:30,6,1,2,7
05:14:00,6,1,2,7
05:14:30,7,1,2,7
05:15:00,7,1,2,7
05:15:30,7,1,2,7
05:16:00,7,1,2,7
05:16:30,7,1,2,14
05:17:00,7,1,2,21
05:17:30,7,1,3,21
05:18:00,7,2,5,21
05:18:30,8,2,5,21
05:19:00,8,2,5,21
05:19:30,8,2,5,21
05:20:00,8,2,4,21
05:20:30,8,2,4,21
05:21:00,8,2,5,21
05:21:30,7,2,4,15
05:22:00,7,2,4,15
05:22:30,7,2,4,15
05:23:00,7,2,4,15
05:23:30,6,1,2,10
05:24:00,6,1,2,10
05:24:30,7,1,2,11
05:25:00,7,1,2,11
05:25:30,7,1,2,11
05:26:00,6,1,2,7
05:26:30,6,1,2,7
05:27:00,6,1,2,7
05:27:30,6,0,0,7
05:28:00,6,0,0,7
05:28:30,6,0,0,7
05:29:00,6,0,0,7
05:29:30,7,0,0,7
05:30:00,7,0,0,7
05:30:30,7,0,0,6
05:31:00,7,0,0,6
05:31:30,7,0,0,10
05:32:00,7,0,0,15
05:32:30,6,1,2,10
05:33:00,6,1,2,10
05:33:30,6,1,2,10
05:34:00,6,1,2,10
05:34:30,7,3,6,11
05:35:00,7,2,4,11
05:35:30,7,2,4,11
05:36:00,7,3,6,11
05:36:30,7,3,6,11
05:37:00,7,3,6,11
05:37:30,7,3,6,11
05:38:00,7,3,6,11
05:38:30,7,3,6,11
05:39:00,7,3,6,11
05:39:30,7,3,6,11
05:40:00,7,3,6,11
05:40:30,8,3,6,13
05:41:00,8,3,6,13
05:41:30,8,3,6,13
05:42:00,8,3,6,16
05:42:30,8,3,6,16
05:43:00,8,3,6,16
05:43:30,8,3,6,16
05:44:00,8,3,6,16
05:44:30,8,2,4,11
05:45:00,8,2,4,11
05:45:30,8,2,4,11
05:46:00,8,2,4,11
05:46:30,8,2,4,18
05:47:00,8,2,4,28
05:47:30,8,2,4,28
05:48:00,8,3,6,28
05:48:30,8,3,6,28
05:49:00,8,3,6,28
05:49:30,9,3,6,28
05:50:00,9,3,6,28
05:50:30,9,3,6,28
05:51:00,9,3,7,28
05:51:30,9,3,7,28
05:52:00,9,3,7,28
05:52:30,9,3,7,28
05:53:00,9,3,7,28
05:53:30,9,3,7,28
05:54:00,9,3,7,28
05:54:30,9,3,7,28
05:55:00,9,3,7,28
05:55:30,9,3,7,28
05:56:00,9,3,7,28
05:56:30,9,3,6,22
05:57:00,9,3,6,22
05:57:30,9,3,6,22
05:58:00,9,3,6,22
05:58:30,9,2,5,22
05:59:00,9,2,5,22
05:59:30,9,2,5,22
06:00:00,9,2,5,22
06:00:30,9,2,5,21
06:01:00,8,1,3,15
06:01:30,9,1,3,17
06:02:00,9,1,3,21
06:02:30,9,1,3,21
06:03:00,8,1,2,15
06:03:30,8,1,2,13
06:04:00,8,1,2,15
06:04:30,8,1,2,15
06:05:00,8,1,2,15
06:05:30,8,1,2,15
06:06:00,7,1,2,10
06:06:30,8,2,4,11
06:07:00,8,2,4,11
06:07:30,8,2,4,11
06:08:00,8,2,4,11
06:08:30,8,2,4,11
06:09:00,8,2,4,15
06:09:30,8,2,4,15
06:10:00,8,2,4,15
06:10:30,8,2,4,15
06:11:00,8,2,5,15
06:11:30,8,2,5,15
06:12:00,7,2,4,10
06:12:30,7,1,2,7
06:13:00,7,1,2,7
06:13:30,7,1,2,7
06:14:00,6,0,0,4
06:14:30,7,1,2,5
06:15:00,7,1,2,5
06:15:30,7,0,0,4
06:16:00,7,0,0,3
06:16:30,7,0,0,5
06:17:00,7,0,0,10
06:17:30,7,0,0,10
06:18:00,7,0,0,8
06:18:30,6,0,0,6
06:19:00,6,0,0,6
06:19:30,7,1,2,7
06:20:00,7,1,2,7
06:20:30,7,1,2,7
06:21:00,7,1,2,7
06:21:30,7,1,2,7
06:22:00,7,1,2,7
06:22:30,7,1,2,7
06:23:00,7,1,2,7
06:23:30,8,1,2,9
06:24:00,8,1,2,11
06:24:30,8,1,2,11
06:25:00,8,1,2,11
06:25:30,8,1,2,11
06:26:00,8,1,2,11
06:26:30,8,1,2,11
06:27:00,7,2,4,11
06:27:30,7,2,4,11
06:28:00,7,2,4,11
06:28:30,8,2,4,11
06:29:00,8,2,4,11
06:29:30,8,2,4,11
06:30:00,8,2,4,11
06:30:30,8,2,4,11
06:31:00,8,2,4,11
06:31:30,8,2,4,19
06:32:00,8,2,4,28
06:32:30,8,2,5,28
06:33:00,7,3,7,21
06:33:30,7,3,7,21
06:34:00,7,3,7,21
06:34:30,8,3,7,21
06:35:00,8,3,7,21
06:35:30,8,2,4,21
06:36:00,8,2,5,21
06:36:30,8,2,5,21
06:37:00,7,1,3,15
06:37:30,7,1,3,15
06:38:00,7,1,3,15
06:38:30,8,1,3,16
06:39:00,8,1,3,16
06:39:30,8,1,3,16
06:40:00,8,1,3,16
06:40:30,8,1,3,16
06:41:00,7,1,3,11
06:41:30,6,1,3,7
06:42:00,6,1,3,7
06:42:30,6,1,3,7
06:43:00,6,1,3,7
06:43:30,7,1,3,7
06:44:00,7,1,3,7
06:44:30,7,1,3,7
06:45:00,7,1,2,7
06:45:30,7,1,2,6
06:46:00,7,1,2,6
06:46:30,7,1,2,7
06:47:00,7,1,2,10
06:47:30,7,1,2,13
06:48:00,7,2,4,15
06:48:30,8,2,5,21
06:49:00,8,2,5,21
06:49:30,8,2,5,21
06:50:00,8,2,5,21
06:50:30,8,2,4,21
06:51:00,8,2,5,21
06:51:30,8,2,5,21
06:52:00,8,2,5,21
06:52:30,8,2,5,21
06:53:00,8,2,5,21
06:53:30,8,2,5,21
06:54:00,8,2,5,21
06:54:30,8,2,5,21
06:55:00,8,2,5,21
06:55:30,9,2,5,22
06:56:00,8,2,4,16
06:56:30,8,2,4,16
06:57:00,8,2,4,16
06:57:30,8,2,4,16
06:58:00,8,2,4,16
06:58:30,8,2,4,16
06:59:00,8,2,4,16
06:59:30,9,2,4,16
07:00:00,8,1,2,11
07:00:30,8,1,2,11
07:01:00,8,1,2,11
07:01:30,8,1,2,19
07:02:00,8,1,2,28
07:02:30,8,1,3,28
07:03:00,8,3,7,28
07:03:30,8,2,5,28
07:04:00,8,2,5,28
07:04:30,9,2,5,28
07:05:00,9,2,5,28
07:05:30,9,2,5,28
07:06:00,9,3,7,28
07:06:30,8,3,6,21
07:07:00,8,2,5,21
07:07:30,7,1,2,15
07:08:00,7,1,2,15
07:08:30,7,1,2,15
07:09:00,7,1,3,15
07:09:30,7,1,3,15
07:10:00,6,1,2,10
07:10:30,5,0,0,6
07:11:00,5,0,0,6
07:11:30,6,0,0,7
07:12:00,6,0,0,7
07:12:30,6,0,0,7
07:13:00,6,0,0,7
07:13:30,6,0,0,7
07:14:00,6,0,0,7
07:14:30,6,0,0,7
07:15:00,6,0,0,7
07:15:30,6,0,0,6
07:16:00,6,0,0,6
07:16:30,7,0,0,8
07:17:00,7,0,0,10
07:17:30,7,0,0,10
07:18:00,7,1,2,10
07:18:30,7,1,2,10
07:19:00,7,1,2,10
07:19:30,7,1,2,10
07:20:00,7,1,2,10
07:20:30,7,1,2,10
07:21:00,7,1,2,10
07:21:30,7,1,2,10
07:22:00,7,1,2,10
07:22:30,8,1,2,11
07:23:00,8,1,2,11
07:23:30,8,1,2,11
07:24:00,8,1,2,11
07:24:30,8,1,2,11
07:25:00,8,1,2,11
07:25:30,8,1,2,11
07:26:00,8,2,4,11
07:26:30,8,2,4,11
07:27:00,8,2,4,11
07:27:30,9,3,6,13
07:28:00,9,3,6,13
07:28:30,9,3,6,13
07:29:00,9,3,6,13
07:29:30,9,3,6,13
07:30:00,9,3,6,13
07:30:30,8,2,4,7
07:31:00,8,2,4,7
07:31:30,8,2,4,7
07:32:00,8,2,4,11
07:32:30,8,2,4,11
07:33:00,8,2,4,11
07:33:30,8,2,4,11
07:34:00,8,2,4,15
07:34:30,8,2,4,15
07:35:00,8,2,4,15
07:35:30,9,2,4,16
07:36:00,9,2,4,16
07:36:30,9,2,4,16
07:37:00,9,2,4,16
07:37:30,10,3,6,18
07:38:00,10,3,6,18
07:38:30,10,3,6,18
07:39:00,9,2,5,13
07:39:30,9,2,5,13
07:40:00,9,2,5,13
07:40:30,9,2,5,13
07:41:00,9,2,5,13
07:41:30,9,2,6,13
07:42:00,8,2,5,9
07:42:30,8,3,6,7
07:43:00,8,3,6,7
07:43:30,8,3,7,7
07:44:00,8,3,7,7
07:44:30,8,3,7,7
07:45:00,8,3,7,7
07:45:30,8,2,5,7
07:46:00,8,1,3,4
07:46:30,8,2,4,4
07:47:00,8,2,4,9
07:47:30,8,2,4,9
07:48:00,8,2,4,8
07:48:30,7,2,4,6
07:49:00,7,2,4,6
07:49:30,7,2,4,7
07:50:00,7,2,4,9
07:50:30,8,3,6,12
07:51:00,8,3,6,12
07:51:30,8,2,4,13
07:52:00,8,2,4,13
07:52:30,8,2,4,13
07:53:00,8,2,4,13
07:53:30,8,2,4,13
07:54:00,8,2,4,13
07:54:30,8,2,4,13
07:55:00,8,2,4,13
07:55:30,9,2,4,13
07:56:00,9,2,4,13
07:56:30,9,2,4,13
07:57:00,9,2,4,13
07:57:30,9,2,4,13
07:58:00,9,2,4,13
07:58:30,9,2,4,13
07:59:00,9,2,4,13
07:59:30,9,2,4,13
08:00:00,9,2,4,13
08:00:30,9,1,2,12
08:01:00,9,1,2,11
08:01:30,10,1,2,17
08:02:00,9,1,2,16
08:02:30,9,1,2,16
08:03:00,9,2,4,16
08:03:30,9,2,5,21
08:04:00,9,3,7,28
08:04:30,9,3,7,28
08:05:00,9,3,7,28
08:05:30,9,3,7,28
08:06:00,9,3,7,28
08:06:30,9,3,7,28
08:07:00,9,3,7,28
08:07:30,10,3,7,29
08:08:00,10,3,7,29
08:08:30,10,3,7,29
08:09:00,10,2,6,29
08:09:30,10,2,6,29
08:10:00,10,2,6,29
08:10:30,10,2,6,29
08:11:00,10,2,6,29
08:11:30,11,2,7,29
08:12:00,11,2,7,29
08:12:30,11,2,7,29
08:13:00,10,2,6,22
08:13:30,10,2,6,22
08:14:00,10,2,6,22
08:14:30,9,2,6,16
08:15:00,9,2,6,16
08:15:30,10,2,6,17
08:16:00,10,2,6,16
08:16:30,10,2,6,24
08:17:00,10,2,6,36
08:17:30,10,2,6,36
08:18:00,9,2,6,28
08:18:30,9,2,6,28
08:19:00,9,1,5,28
08:19:30,9,1,5,28
08:20:00,9,1,5,28
08:20:30,8,1,4,21
08:21:00,8,1,4,21
08:21:30,9,1,4,20
08:22:00,8,1,3,16
08:22:30,8,1,3,16
08:23:00,8,1,3,16
08:23:30,8,1,3,16
08:24:00,8,1,4,16
08:24:30,9,1,4,16
08:25:00,8,1,3,11
08:25:30,8,1,3,11
08:26:00,8,1,3,11
08:26:30,8,1,3,11
08:27:00,8,1,3,11
08:27:30,8,1,3,15
08:28:00,8,1,3,15
08:28:30,9,1,3,16
08:29:00,9,1,3,16
08:29:30,9,1,3,16
08:30:00,9,1,3,16
08:30:30,9,1,3,15
08:31:00,9,1,3,16
08:31:30,9,1,3,20
08:32:00,9,1,3,34
08:32:30,7,1,2,21
08:33:00,7,3,6,21
08:33:30,7,3,6,21
08:34:00,6,2,4,15
08:34:30,7,2,4,15
08:35:00,7,2,4,15
08:35:30,7,2,4,15
08:36:00,7,3,6,15
08:36:30,7,3,6,15
08:37:00,7,3,6,15
08:37:30,7,2,4,15
08:38:00,7,2,4,15
08:38:30,7,2,4,15
08:39:00,7,2,4,15
08:39:30,7,2,4,15
08:40:00,7,3,6,15
08:40:30,8,3,6,15
08:41:00,8,3,6,15
08:41:30,8,3,6,15
08:42:00,8,3,6,15
08:42:30,8,3,6,15
08:43:00,8,2,4,15
08:43:30,8,2,4,15
08:44:00,8,2,4,15
08:44:30,8,2,4,15
08:45:00,8,2,4,15
08:45:30,9,2,4,16
08:46:00,9,2,4,16
08:46:30,9,2,4,24
08:47:00,9,2,4,36
08:47:30,9,3,6,36
08:48:00,9,4,8,36
08:48:30,7,2,4,21
08:49:00,7,2,4,21
08:49:30,6,1,2,15
08:50:00,6,1,2,15
08:50:30,7,1,2,15
08:51:00,7,1,2,15
08:51:30,7,1,2,15
08:52:00,7,1,2,15
08:52:30,7,1,2,15
08:53:00,7,1,2,15
08:53:30,7,1,2,15
08:54:00,7,1,2,15
08:54:30,7,1,2,15
08:55:00,6,1,2,10
08:55:30,6,1,2,10
08:56:00,6,1,2,10
08:56:30,7,1,2,10
08:57:00,7,1,2,10
08:57:30,6,0,0,6
08:58:00,6,0,0,6
08:58:30,6,0,0,6
08:59:00,6,0,0,6
08:59:30,6,0,0,6
09:00:00,6,0,0,6
09:00:30,6,0,0,6
09:01:00,6,0,0,6
09:01:30,7,0,0,9
09:02:00,7,0,0,11
09:02:30,7,1,2,11
09:03:00,7,1,2,11
09:03:30,7,1,2,11
09:04:00,7,1,2,11
09:04:30,7,1,2,11
09:05:00,7,1,2,11
09:05:30,7,1,2,11
09:06:00,7,1,2,11
09:06:30,7,1,2,11
09:07:00,7,1,2,11
09:07:30,7,1,2,11
09:08:00,7,1,2,11
09:08:30,8,2,4,13
09:09:00,8,2,4,13
09:09:30,8,2,4,13
09:10:00,8,2,4,13
09:10:30,8,2,4,13
09:11:00,8,2,4,13
09:11:30,8,2,4,13
09:12:00,8,2,4,13
09:12:30,8,2,4,13
09:13:00,7,1,2,9
09:13:30,7,1,2,9
09:14:00,7,1,2,9
09:14:30,8,1,2,9
09:15:00,8,1,2,9
09:15:30,8,0,0,8
09:16:00,8,0,0,7
09:16:30,8,0,0,13
09:17:00,8,1,2,28
09:17:30,8,2,4,28
09:18:00,8,3,6,28
09:18:30,8,3,6,24
09:19:00,8,3,6,28
09:19:30,8,3,6,28
09:20:00,8,3,6,28
09:20:30,9,3,6,28
09:21:00,9,4,8,28
09:21:30,9,4,8,28
09:22:00,9,4,8,28
09:22:30,9,4,8,28
09:23:00,9,4,8,28
09:23:30,10,4,8,29
09:24:00,10,4,8,29
09:24:30,9,1,4,22
09:25:00,8,1,3,16
09:25:30,8,1,3,16
09:26:00,8,1,3,16
09:26:30,8,1,3,16
09:27:00,8,1,3,16
09:27:30,8,1,3,16
09:28:00,8,1,3,16
09:28:30,9,1,3,16
09:29:00,9,1,3,16
09:29:30,9,1,3,16
09:30:00,9,1,3,16
09:30:30,9,1,3,16
09:31:00,9,1,3,16
09:31:30,9,1,3,24
09:32:00,9,1,3,36
09:32:30,9,2,5,36
09:33:00,8,2,5,28
09:33:30,9,2,5,25
09:34:00,9,1,4,28
09:34:30,9,1,4,28
09:35:00,8,1,3,21
09:35:30,8,1,3,21
09:36:00,7,1,3,15
09:36:30,7,1,3,15
09:37:00,6,1,2,10
09:37:30,7,1,2,11
09:38:00,7,1,2,11
09:38:30,7,1,2,11
09:39:00,7,1,2,11
09:39:30,7,1,2,11
09:40:00,7,1,2,11
09:40:30,7,1,2,11
09:41:00,7,1,2,11
09:41:30,7,1,3,11
09:42:00,7,1,3,11
09:42:30,8,1,3,11
09:43:00,8,1,3,11
09:43:30,8,1,3,11
09:44:00,8,1,3,11
09:44:30,8,1,3,11
09:45:00,8,1,4,11
09:45:30,8,1,4,10
09:46:00,8,1,4,10
09:46:30,8,1,4,15
09:47:00,8,1,4,21
09:47:30,8,1,4,21
09:48:00,8,2,6,21
09:48:30,8,2,6,21
09:49:00,8,2,6,21
09:49:30,9,2,6,22
09:50:00,9,2,6,22
09:50:30,9,2,6,28
09:51:00,9,2,6,28
09:51:30,9,2,6,28
09:52:00,9,2,6,28
09:52:30,9,2,7,28
09:53:00,9,2,7,28
09:53:30,9,2,7,28
09:54:00,9,2,7,28
09:54:30,10,2,7,29
09:55:00,10,2,7,29
09:55:30,8,2,5,16
09:56:00,8,2,5,16
09:56:30,8,2,5,16
09:57:00,8,2,6,16
09:57:30,8,2,6,16
09:58:00,8,2,6,16
09:58:30,8,2,6,16
09:59:00,8,2,6,16
09:59:30,9,2,6,16
10:00:00,9,2,6,16
10:00:30,9,2,6,15
10:01:00,9,2,6,15
10:01:30,9,2,6,15
10:02:00,9,2,6,28
10:02:30,9,2,6,34
10:03:00,9,2,7,36
10:03:30,8,2,6,28
10:04:00,8,2,6,28
10:04:30,7,2,5,21
10:05:00,7,2,5,21
10:05:30,7,2,5,21
10:06:00,7,2,5,21
10:06:30,8,2,5,21
10:07:00,7,1,3,15
10:07:30,7,1,3,15
10:08:00,7,1,3,15
10:08:30,7,1,3,15
10:09:00,7,1,3,15
10:09:30,7,1,3,15
10:10:00,7,1,3,15
10:10:30,8,1,3,16
10:11:00,8,1,3,16
10:11:30,8,1,3,16
10:12:00,8,1,3,16
10:12:30,8,1,3,16
10:13:00,8,1,3,16
10:13:30,8,1,3,16
10:14:00,8,1,3,16
10:14:30,8,1,3,16
10:15:00,8,1,3,16
10:15:30,8,1,2,11
10:16:00,8,1,2,11
10:16:30,8,1,2,18
10:17:00,8,1,2,28
10:17:30,8,1,2,28
10:18:00,7,2,4,21
10:18:30,7,2,4,21
10:19:00,7,2,4,21
10:19:30,7,2,4,21
10:20:00,7,2,5,21
10:20:30,8,2,5,21
10:21:00,8,3,7,21
10:21:30,8,3,7,21
10:22:00,8,3,7,21
10:22:30,8,3,7,21
10:23:00,8,3,7,21
10:23:30,8,3,7,21
10:24:00,8,3,7,21
10:24:30,8,2,6,21
10:25:00,8,2,6,21
10:25:30,7,1,4,15
10:26:00,7,1,4,15
10:26:30,8,1,4,16
10:27:00,8,1,4,16
10:27:30,8,1,4,16
10:28:00,8,1,4,16
10:28:30,8,1,4,16
10:29:00,8,1,4,16
10:29:30,8,1,4,16
10:30:00,8,1,4,16
10:30:30,8,1,4,15
10:31:00,8,1,4,15
10:31:30,9,1,4,16
10:32:00,9,1,4,21
10:32:30,9,1,4,21
10:33:00,9,1,4,21
10:33:30,9,2,6,27
10:34:00,9,2,7,28
10:34:30,9,2,7,28
10:35:00,9,2,7,28
10:35:30,9,2,6,28
10:36:00,9,2,7,28
10:36:30,10,2,7,28
10:37:00,10,2,7,28
10:37:30,10,2,7,28
10:38:00,10,2,7,28
10:38:30,10,2,7,28
10:39:00,10,2,7,28
10:39:30,10,2,7,28
10:40:00,9,2,6,21
10:40:30,10,2,6,22
10:41:00,9,1,4,16
10:41:30,9,1,4,16
10:42:00,9,1,4,16
10:42:30,9,1,4,16
10:43:00,9,1,4,16
10:43:30,9,1,4,16
10:44:00,9,1,4,16
10:44:30,9,1,4,16
10:45:00,9,1,4,16
10:45:30,10,1,4,17
10:46:00,9,1,4,11
10:46:30,9,1,4,17
10:47:00,9,1,4,28
10:47:30,9,1,4,28
10:48:00,9,1,4,26
10:48:30,8,1,4,21
10:49:00,8,1,4,21
10:49:30,8,1,4,23
10:50:00,8,1,4,28
10:50:30,9,1,4,28
10:51:00,9,1,4,28
10:51:30,9,1,4,28
10:52:00,9,1,4,28
10:52:30,9,1,4,28
10:53:00,9,1,4,28
10:53:30,9,1,4,28
10:54:00,9,1,4,26
10:54:30,10,1,4,29
10:55:00,10,1,4,29
10:55:30,10,1,4,29
10:56:00,10,1,4,29
10:56:30,10,1,4,29
10:57:00,10,1,4,29
10:57:30,10,1,5,29
10:58:00,10,1,5,29
10:58:30,10,1,5,29
10:59:00,10,1,5,29
10:59:30,9,1,5,22
11:00:00,9,1,5,22
11:00:30,10,1,5,21
11:01:00,10,1,5,21
11:01:30,10,1,5,23
11:02:00,10,1,5,36
11:02:30,10,1,5,36
11:03:00,10,2,7,45
11:03:30,10,2,7,43
11:04:00,10,2,7,45
11:04:30,10,2,7,45
11:05:00,9,2,6,36
11:05:30,10,2,6,36
11:06:00,8,1,4,21
11:06:30,8,1,4,20
11:07:00,8,1,4,21
11:07:30,8,1,4,21
11:08:00,8,1,5,21
11:08:30,8,1,5,21
11:09:00,6,1,4,10
11:09:30,6,1,4,10
11:10:00,5,1,3,6
11:10:30,4,1,3,3
11:11:00,4,1,3,3
11:11:30,4,1,2,2
11:12:00,4,1,2,2
11:12:30,4,1,2,2
11:13:00,4,1,2,2
11:13:30,4,1,2,2
11:14:00,4,1,2,2
11:14:30,4,1,2,2
11:15:00,4,1,2,2
11:15:30,4,1,2,2
11:16:00,4,1,2,2
11:16:30,4,1,2,4
11:17:00,4,1,2,6
11:17:30,5,1,2,6
11:18:00,5,1,2,6
11:18:30,5,1,2,6
11:19:00,5,1,2,6
11:19:30,5,1,2,6
11:20:00,5,1,3,6
11:20:30,5,1,3,6
11:21:00,5,1,3,6
11:21:30,6,1,3,6
11:22:00,6,1,3,6
11:22:30,6,1,3,6
11:23:00,6,1,3,6
11:23:30,6,1,3,6
11:24:00,6,1,3,6
11:24:30,6,1,3,6
11:25:00,6,1,3,6
11:25:30,6,1,3,6
11:26:00,6,1,3,6
11:26:30,7,1,3,7
11:27:00,7,1,3,7
11:27:30,7,1,3,7
11:28:00,6,1,2,4
11:28:30,6,1,2,4
11:29:00,6,1,2,4
11:29:30,6,1,2,4
11:30:00,6,1,2,4
11:30:30,6,1,2,4
11:31:00,6,1,2,4
11:31:30,6,1,2,7
11:32:00,6,1,2,15
11:32:30,7,1,2,15
11:33:00,7,2,4,14
11:33:30,5,1,2,6
11:34:00,5,1,2,6
11:34:30,5,1,2,6
11:35:00,5,1,2,6
11:35:30,5,1,2,6
11:36:00,5,1,2,6
11:36:30,6,1,2,6
11:37:00,6,1,2,6
11:37:30,6,1,2,6
11:38:00,6,1,2,6
11:38:30,6,1,2,6
11:39:00,6,1,2,6
11:39:30,6,1,2,6
11:40:00,6,1,2,6
11:40:30,6,1,2,6
11:41:00,6,1,2,6
11:41:30,6,1,2,6
11:42:00,6,1,2,6
11:42:30,7,1,2,7
11:43:00,7,1,2,7
11:43:30,7,1,2,7
11:44:00,7,1,2,7
11:44:30,6,0,0,4
11:45:00,6,0,0,4
11:45:30,6,0,0,3
11:46:00,6,0,0,3
11:46:30,6,0,0,6
11:47:00,6,0,0,10
11:47:30,7,0,0,10
11:48:00,6,2,4,10
11:48:30,6,2,4,10
11:49:00,6,2,4,10
11:49:30,6,2,4,10
11:50:00,6,1,2,10
11:50:30,6,2,4,10
11:51:00,6,1,2,10
11:51:30,7,2,4,10
11:52:00,7,2,4,10
11:52:30,7,2,4,10
11:53:00,7,2,4,10
11:53:30,7,1,2,10
11:54:00,7,1,2,10
11:54:30,7,1,2,10
11:55:00,7,1,2,10
11:55:30,8,1,2,11
11:56:00,8,1,2,11
11:56:30,8,1,2,11
11:57:00,8,1,2,11
11:57:30,8,1,2,11
11:58:00,8,1,2,11
11:58:30,8,1,2,11
11:59:00,8,1,2,11
11:59:30,7,1,2,7
12:00:00,7,1,2,7
12:00:30,7,1,2,6
12:01:00,7,1,2,6
12:01:30,7,1,2,10
12:02:00,7,1,2,15
12:02:30,8,2,4,15
12:03:00,8,2,5,15
12:03:30,8,2,5,15
12:04:00,8,1,3,15
12:04:30,8,1,3,15
12:05:00,8,1,2,15
12:05:30,8,1,2,15
12:06:00,8,2,4,21
12:06:30,9,2,5,21
12:07:00,9,2,5,21
12:07:30,8,2,5,15
12:08:00,8,2,5,15
12:08:30,8,2,5,15
12:09:00,8,2,5,15
12:09:30,8,2,5,15
12:10:00,8,2,5,15
12:10:30,8,2,5,15
12:11:00,8,2,5,15
12:11:30,9,2,5,16
12:12:00,9,2,5,16
12:12:30,9,2,5,16
12:13:00,9,2,5,16
12:13:30,9,2,5,16
12:14:00,9,2,5,16
12:14:30,9,2,5,16
12:15:00,9,2,5,16
12:15:30,9,2,5,16
12:16:00,9,2,5,16
12:16:30,10,2,5,19
12:17:00,10,2,5,22
12:17:30,10,3,7,21
12:18:00,10,3,8,28
12:18:30,10,3,8,28
12:19:00,10,3,8,28
12:19:30,11,4,10,29
12:20:00,11,4,10,29
12:20:30,11,4,10,29
12:21:00,11,4,10,29
12:21:30,11,4,10,29
12:22:00,11,4,10,29
12:22:30,11,4,10,29
12:23:00,11,4,10,29
12:23:30,11,4,8,24
12:24:00,11,4,8,24
12:24:30,11,4,8,24
12:25:00,11,4,8,24
12:25:30,11,4,8,24
12:26:00,11,4,8,24
12:26:30,11,4,8,24
12:27:00,11,4,8,24
12:27:30,11,4,8,24
12:28:00,11,4,8,24
12:28:30,11,4,8,24
12:29:00,11,4,8,24
12:29:30,12,5,10,25
12:30:00,12,5,10,25
12:30:30,12,3,6,24
12:31:00,12,3,6,22
12:31:30,12,3,6,33
12:32:00,12,3,6,45
12:32:30,12,3,7,45
12:33:00,12,3,9,45
12:33:30,11,3,8,36
12:34:00,11,4,9,36
12:34:30,11,5,10,29
12:35:00,11,5,10,29
12:35:30,11,5,10,29
12:36:00,11,5,10,29
12:36:30,11,5,10,29
12:37:00,11,5,10,29
12:37:30,11,5,10,29
12:38:00,10,4,8,22
12:38:30,11,3,7,24
12:39:00,11,3,7,24
12:39:30,10,3,6,18
12:40:00,10,3,6,18
12:40:30,10,3,6,18
12:41:00,9,2,4,13
12:41:30,9,2,4,13
12:42:00,8,2,4,9
12:42:30,8,2,4,9
12:43:00,8,2,4,9
12:43:30,8,2,4,9
12:44:00,8,2,4,9
12:44:30,9,3,6,10
12:45:00,9,3,6,10
12:45:30,9,1,2,9
12:46:00,9,1,2,7
12:46:30,9,1,2,12
12:47:00,9,1,2,21
12:47:30,9,1,2,21
12:48:00,7,1,2,10
12:48:30,8,2,4,9
12:49:00,8,2,4,11
12:49:30,7,1,2,7
12:50:00,7,1,2,7
12:50:30,7,1,2,7
12:51:00,7,2,4,7
12:51:30,7,2,4,7
12:52:00,7,2,4,7
12:52:30,7,2,4,7
12:53:00,7,2,4,7
12:53:30,7,2,4,7
12:54:00,7,2,4,7
12:54:30,7,2,4,7
12:55:00,7,2,4,7
12:55:30,7,2,4,6
12:56:00,7,2,4,6
12:56:30,7,1,2,6
12:57:00,7,1,2,6
12:57:30,7,1,2,6
12:58:00,7,1,2,6
12:58:30,7,1,2,6
12:59:00,6,1,2,4
12:59:30,6,1,2,4
13:00:00,5,1,2,3
13:00:30,6,0,0,3
13:01:00,6,0,0,1
13:01:30,6,0,0,2
13:02:00,6,0,0,6
13:02:30,5,0,0,3
13:03:00,5,0,0,3
13:03:30,5,0,0,3
13:04:00,5,0,0,3
13:04:30,6,1,2,4
13:05:00,6,1,2,4
13:05:30,6,1,2,4
13:06:00,6,1,2,4
13:06:30,6,1,2,4
13:07:00,6,1,2,4
13:07:30,6,1,2,4
13:08:00,6,1,2,4
13:08:30,6,1,2,4
13:09:00,6,1,2,4
13:09:30,6,1,2,4
13:10:00,6,1,2,4
13:10:30,7,1,2,6
13:11:00,7,1,2,6
13:11:30,6,1,2,4
13:12:00,6,1,2,4
13:12:30,6,1,2,4
13:13:00,6,1,2,4
13:13:30,6,1,2,4
13:14:00,6,1,2,4
13:14:30,6,1,2,4
13:15:00,6,1,2,4
13:15:30,6,0,0,3
13:16:00,6,0,0,2
13:16:30,6,1,2,3
13:17:00,6,1,2,4
13:17:30,6,1,2,4
13:18:00,6,1,2,4
13:18:30,6,1,2,3
13:19:00,6,1,2,4
13:19:30,6,1,2,4
13:20:00,6,1,2,4
13:20:30,6,1,2,4
13:21:00,5,1,2,2
13:21:30,5,1,2,2
13:22:00,5,1,2,2
13:22:30,6,2,4,3
13:23:00,6,2,4,3
13:23:30,5,2,4,2
13:24:00,5,2,4,2
13:24:30,5,2,4,2
13:25:00,5,2,4,2
13:25:30,5,2,4,2
13:26:00,5,2,4,2
13:26:30,5,2,4,2
13:27:00,5,2,4,2
13:27:30,5,2,4,2
13:28:00,5,2,4,2
13:28:30,5,2,4,2
13:29:00,5,2,4,2
13:29:30,6,2,4,4
13:30:00,6,2,4,4
13:30:30,6,1,2,4
13:31:00,6,1,2,1
13:31:30,6,0,0,1
13:32:00,6,0,0,9
13:32:30,6,0,0,15
13:33:00,6,1,2,13
13:33:30,6,2,4,15
13:34:00,6,1,2,15
13:34:30,6,1,2,15
13:35:00,6,1,2,15
13:35:30,7,1,2,15
13:36:00,7,1,2,15
13:36:30,7,2,4,15
13:37:00,7,2,4,15
13:37:30,7,2,5,15
13:38:00,7,2,5,15
13:38:30,7,2,5,15
13:39:00,7,2,5,15
13:39:30,7,2,5,15
13:40:00,6,1,3,10
13:40:30,7,1,3,10
13:41:00,6,1,3,6
13:41:30,6,1,3,6
13:42:00,6,1,3,6
13:42:30,6,1,3,6
13:43:00,6,1,3,6
13:43:30,6,1,3,6
13:44:00,6,1,3,6
13:44:30,7,1,3,7
13:45:00,7,1,3,7
13:45:30,7,1,3,6
13:46:00,7,1,3,6
13:46:30,7,1,3,10
13:47:00,7,1,3,15
13:47:30,7,1,3,15
13:48:00,7,1,3,19
13:48:30,6,1,3,15
13:49:00,6,1,3,15
13:49:30,7,1,3,15
13:50:00,6,1,2,10
13:50:30,6,1,2,10
13:51:00,6,1,2,10
13:51:30,6,1,2,10
13:52:00,6,1,2,10
13:52:30,6,1,2,10
13:53:00,5,1,2,6
13:53:30,5,1,2,6
13:54:00,5,1,2,6
13:54:30,6,1,2,6
13:55:00,6,1,2,6
13:55:30,6,1,2,6
13:56:00,6,1,2,6
13:56:30,6,1,2,6
13:57:00,6,1,2,6
13:57:30,6,1,2,6
13:58:00,6,1,2,6
13:58:30,6,1,2,6
13:59:00,6,1,2,6
13:59:30,7,1,2,7
14:00:00,7,1,2,7
14:00:30,7,1,2,7
14:01:00,7,1,2,7
14:01:30,7,1,2,11
14:02:00,7,1,2,21
14:02:30,7,2,4,21
14:03:00,7,2,4,21
14:03:30,7,2,4,21
14:04:00,7,2,4,21
14:04:30,8,2,4,21
14:05:00,8,2,4,21
14:05:30,8,2,5,21
14:06:00,8,2,5,21
14:06:30,8,2,5,21
14:07:00,8,2,5,21
14:07:30,8,2,5,21
14:08:00,8,2,5,21
14:08:30,8,2,5,21
14:09:00,8,2,5,21
14:09:30,9,2,5,21
14:10:00,9,2,5,21
14:10:30,9,2,5,21
14:11:00,9,2,5,21
14:11:30,8,2,4,15
14:12:00,8,2,4,15
14:12:30,8,2,4,15
14:13:00,8,2,4,15
14:13:30,9,1,3,16
14:14:00,9,1,3,16
14:14:30,9,1,3,16
14:15:00,9,1,4,16
14:15:30,9,1,4,15
14:16:00,9,1,4,15
14:16:30,9,1,4,17
14:17:00,9,1,4,28
14:17:30,8,1,3,21
14:18:00,7,1,2,13
14:18:30,6,1,2,10
14:19:00,5,0,0,6
14:19:30,6,0,0,6
14:20:00,6,0,0,6
14:20:30,6,1,2,6
14:21:00,6,1,2,6
14:21:30,6,1,2,6
14:22:00,6,1,2,6
14:22:30,6,1,2,6
14:23:00,6,1,2,6
14:23:30,6,0,0,6
14:24:00,6,0,0,6
14:24:30,7,2,4,7
14:25:00,7,2,4,7
14:25:30,7,2,4,10
14:26:00,7,2,4,10
14:26:30,7,2,4,10
14:27:00,7,2,4,10
14:27:30,7,2,4,10
14:28:00,7,2,4,10
14:28:30,8,2,4,11
14:29:00,8,2,4,11
14:29:30,8,2,4,11
14:30:00,8,2,4,11
14:30:30,8,2,4,11
14:31:00,7,1,2,7
14:31:30,7,1,2,12
14:32:00,7,1,2,21
14:32:30,8,1,2,21
14:33:00,8,2,4,19
14:33:30,7,2,4,15
14:34:00,7,2,4,15
14:34:30,7,2,4,15
14:35:00,7,2,4,15
14:35:30,7,3,6,15
14:36:00,7,3,6,15
14:36:30,7,3,6,15
14:37:00,7,3,6,15
14:37:30,8,2,5,15
14:38:00,8,2,5,15
14:38:30,7,2,4,10
14:39:00,7,2,4,10
14:39:30,7,2,4,10
14:40:00,7,2,4,10
14:40:30,7,2,4,10
14:41:00,7,2,4,10
14:41:30,8,2,4,11
14:42:00,8,2,4,11
14:42:30,8,2,4,11
14:43:00,8,2,4,11
14:43:30,8,2,4,11
14:44:00,8,2,4,11
14:44:30,8,2,4,11
14:45:00,8,2,4,11
14:45:30,9,2,4,12
14:46:00,9,2,4,11
14:46:30,9,2,4,17
14:47:00,9,2,4,28
14:47:30,9,2,4,28
14:48:00,9,3,7,21
14:48:30,7,3,6,15
14:49:00,6,2,4,10
14:49:30,7,2,4,10
14:50:00,7,2,4,10
14:50:30,7,2,4,10
14:51:00,7,2,4,10
14:51:30,7,2,4,10
14:52:00,7,2,4,10
14:52:30,7,2,4,10
14:53:00,7,2,4,10
14:53:30,7,2,4,10
14:54:00,7,2,4,10
14:54:30,8,2,4,11
14:55:00,8,2,4,11
14:55:30,7,1,2,7
14:56:00,7,1,2,7
14:56:30,7,1,2,7
14:57:00,7,1,2,7
14:57:30,7,1,2,7
14:58:00,7,1,2,7
14:58:30,7,1,2,7
14:59:00,7,1,2,7
14:59:30,7,1,2,5
15:00:00,7,1,2,5
15:00:30,7,0,0,5
15:01:00,7,0,0,4
15:01:30,7,0,0,8
15:02:00,7,0,0,15
15:02:30,7,0,0,15
15:03:00,6,1,2,10
15:03:30,6,1,2,10
15:04:00,6,1,2,10
15:04:30,7,1,2,15
15:05:00,7,1,2,15
15:05:30,7,1,2,15
15:06:00,7,2,4,15
15:06:30,7,2,4,15
15:07:00,7,2,4,15
15:07:30,7,2,4,15
15:08:00,7,2,4,15
15:08:30,7,2,4,15
15:09:00,7,2,4,15
15:09:30,7,2,4,15
15:10:00,7,2,4,15
15:10:30,8,2,4,16
15:11:00,8,2,4,16
15:11:30,8,2,4,16
15:12:00,8,2,4,16
15:12:30,8,1,3,16
15:13:00,8,1,3,16
15:13:30,8,1,3,16
15:14:00,8,1,3,16
15:14:30,7,1,2,11
15:15:00,7,1,2,11
15:15:30,8,1,2,10
15:16:00,8,1,2,10
15:16:30,8,1,2,15
15:17:00,8,1,2,21
15:17:30,8,2,4,21
15:18:00,8,3,6,21
15:18:30,8,3,6,21
15:19:00,8,3,6,21
15:19:30,9,4,8,28
15:20:00,9,4,8,28
15:20:30,9,4,8,28
15:21:00,9,4,8,28
15:21:30,9,2,6,28
15:22:00,9,2,6,28
15:22:30,9,2,6,28
15:23:00,9,2,6,28
15:23:30,8,1,4,21
15:24:00,8,1,4,21
15:24:30,7,1,3,15
15:25:00,6,1,3,10
15:25:30,6,1,3,10
15:26:00,6,1,3,10
15:26:30,7,1,3,11
15:27:00,7,1,3,11
15:27:30,7,1,3,11
15:28:00,6,1,2,7
15:28:30,6,1,2,7
15:29:00,6,1,2,7
15:29:30,7,1,2,7
15:30:00,7,1,2,7
15:30:30,7,1,2,6
15:31:00,7,1,2,6
15:31:30,7,1,2,8
15:32:00,7,1,2,15
15:32:30,6,1,2,10
15:33:00,6,2,4,15
15:33:30,7,2,4,15
15:34:00,7,2,4,15
15:34:30,7,2,4,15
15:35:00,7,2,4,15
15:35:30,7,2,4,15
15:36:00,7,2,4,15
15:36:30,7,2,4,15
15:37:00,6,2,4,10
15:37:30,6,2,4,10
15:38:00,6,2,4,10
15:38:30,6,2,4,10
15:39:00,6,2,4,10
15:39:30,7,2,4,11
15:40:00,7,2,5,11
15:40:30,7,2,5,11
15:41:00,7,2,5,11
15:41:30,7,1,4,11
15:42:00,7,1,4,11
15:42:30,7,1,4,11
15:43:00,6,1,3,7
15:43:30,7,1,3,7
15:44:00,7,1,3,7
15:44:30,7,1,3,7
15:45:00,7,1,3,7
15:45:30,7,1,3,7
15:46:00,7,1,3,7
15:46:30,7,1,3,7
15:47:00,7,1,3,7
15:47:30,8,2,5,8
15:48:00,8,3,7,11
15:48:30,8,3,7,11
15:49:00,8,3,7,11
15:49:30,8,2,6,11
15:50:00,8,2,6,11
15:50:30,9,2,5,18
15:51:00,9,2,6,18
15:51:30,9,2,6,18
15:52:00,8,2,5,13
15:52:30,8,2,5,13
15:53:00,8,2,5,13
15:53:30,8,2,5,13
15:54:00,8,2,5,13
15:54:30,8,2,5,13
15:55:00,8,2,5,13
15:55:30,8,2,5,13
15:56:00,7,2,4,9
15:56:30,7,2,4,9
15:57:00,7,1,2,11
15:57:30,8,1,3,11
15:58:00,8,1,3,11
15:58:30,8,1,3,11
15:59:00,7,1,2,7
15:59:30,7,1,2,7
16:00:00,7,1,3,7
16:00:30,6,1,2,4
16:01:00,6,1,2,4
16:01:30,6,1,2,7
16:02:00,6,1,2,15
16:02:30,6,1,2,15
16:03:00,6,2,4,15
16:03:30,7,2,4,15
16:04:00,7,2,4,15
16:04:30,7,2,4,15
16:05:00,7,2,5,15
16:05:30,7,2,4,15
16:06:00,6,2,4,10
16:06:30,6,2,4,10
16:07:00,6,2,4,10
16:07:30,6,2,4,10
16:08:00,6,2,4,10
16:08:30,7,2,4,11
16:09:00,6,1,2,7
16:09:30,6,1,2,7
16:10:00,6,1,2,7
16:10:30,6,1,2,7
16:11:00,5,0,0,4
16:11:30,5,0,0,4
16:12:00,5,0,0,4
16:12:30,5,0,0,4
16:13:00,5,0,0,4
16:13:30,5,0,0,4
16:14:00,5,0,0,4
16:14:30,6,0,0,4
16:15:00,6,0,0,4
16:15:30,6,0,0,4
16:16:00,6,0,0,4
16:16:30,6,0,0,8
16:17:00,6,0,0,15
16:17:30,6,1,2,15
16:18:00,5,1,2,10
16:18:30,5,1,2,10
16:19:00,5,1,2,10
16:19:30,5,1,2,10
16:20:00,5,1,2,10
16:20:30,6,1,3,10
16:21:00,6,1,3,10
16:21:30,6,1,3,10
16:22:00,6,1,3,10
16:22:30,6,1,3,10
16:23:00,6,1,3,10
16:23:30,5,1,2,6
16:24:00,5,1,2,6
16:24:30,6,1,2,7
16:25:00,6,1,2,7
16:25:30,6,1,2,7
16:26:00,6,1,2,7
16:26:30,6,1,2,7
16:27:00,6,1,2,7
16:27:30,6,1,2,7
16:28:00,6,1,2,7
16:28:30,7,1,2,7
16:29:00,7,1,2,7
16:29:30,7,1,2,7
16:30:00,7,1,2,7
16:30:30,6,1,2,4
16:31:00,6,1,2,4
16:31:30,6,1,2,7
16:32:00,6,1,2,10
16:32:30,6,1,2,10
16:33:00,6,1,2,10
16:33:30,6,1,2,9
16:34:00,6,1,2,10
16:34:30,6,1,2,10
16:35:00,6,1,2,10
16:35:30,7,1,2,10
16:36:00,6,1,2,6
16:36:30,6,1,2,6
16:37:00,6,1,2,6
16:37:30,6,1,2,6
16:38:00,6,1,2,6
16:38:30,6,1,2,6
16:39:00,6,1,2,6
16:39:30,6,1,2,6
16:40:00,6,1,2,6
16:40:30,6,1,2,6
16:41:00,6,1,2,6
16:41:30,7,1,2,7
16:42:00,7,1,2,7
16:42:30,7,1,2,7
16:43:00,7,1,2,7
16:43:30,7,1,2,7
16:44:00,7,1,2,7
16:44:30,7,1,2,7
16:45:00,7,1,2,7
16:45:30,7,1,2,7
16:46:00,7,1,2,7
16:46:30,7,1,2,11
16:47:00,7,1,2,15
16:47:30,7,1,2,15
16:48:00,7,2,4,15
16:48:30,8,3,6,16
16:49:00,8,3,6,16
16:49:30,8,3,6,16
16:50:00,8,3,7,16
16:50:30,8,3,7,16
16:51:00,8,3,7,16
16:51:30,8,3,7,16
16:52:00,8,3,7,16
16:52:30,8,3,7,16
16:53:00,8,3,7,16
16:53:30,8,3,7,16
16:54:00,8,3,7,16
16:54:30,8,3,7,16
16:55:00,7,3,6,11
16:55:30,8,3,6,11
16:56:00,8,3,6,11
16:56:30,8,3,6,11
16:57:00,8,3,6,11
16:57:30,8,3,6,11
16:58:00,8,3,6,11
16:58:30,8,3,6,11
16:59:00,8,3,6,11
16:59:30,8,3,6,11
17:00:00,8,3,6,11
17:00:30,9,3,6,12
17:01:00,9,3,6,12
17:01:30,9,3,6,17
17:02:00,9,3,6,22
17:02:30,9,3,6,22
17:03:00,9,3,6,22
17:03:30,9,3,6,22
17:04:00,9,3,6,22
17:04:30,9,3,6,22
17:05:00,9,3,6,22
17:05:30,10,3,7,24
17:06:00,10,3,7,24
17:06:30,10,3,9,24
17:07:00,10,3,9,24
17:07:30,10,3,8,24
17:08:00,10,3,8,24
17:08:30,10,3,9,24
17:09:00,10,3,9,24
17:09:30,10,3,10,24
17:10:00,9,3,9,18
17:10:30,9,3,8,13
17:11:00,9,3,8,13
17:11:30,9,3,8,13
17:12:00,9,3,8,13
17:12:30,8,2,6,9
17:13:00,8,2,5,11
17:13:30,8,2,5,11
17:14:00,8,2,5,11
17:14:30,8,2,5,11
17:15:00,8,2,5,11
17:15:30,9,1,3,11
17:16:00,9,1,3,10
17:16:30,8,1,3,8
17:17:00,8,1,3,15
17:17:30,8,1,4,15
17:18:00,7,1,3,10
17:18:30,7,1,3,10
17:19:00,7,1,3,10
17:19:30,6,1,2,6
17:20:00,6,1,2,6
17:20:30,6,1,2,6
17:21:00,6,1,2,6
17:21:30,7,2,4,7
17:22:00,7,2,4,7
17:22:30,7,2,4,7
17:23:00,7,2,4,7
17:23:30,7,2,4,7
17:24:00,7,2,4,7
17:24:30,7,2,4,7
17:25:00,7,2,4,7
17:25:30,7,2,5,7
17:26:00,7,2,5,7
17:26:30,7,2,5,7
17:27:00,7,2,5,7
17:27:30,8,3,7,8
17:28:00,8,3,7,8
17:28:30,8,3,7,8
17:29:00,8,3,7,8
17:29:30,8,3,7,8
17:30:00,8,3,7,8
17:30:30,8,1,3,8
17:31:00,8,1,3,6
17:31:30,9,1,3,11
17:32:00,9,1,3,16
17:32:30,9,1,4,16
17:33:00,9,1,4,16
17:33:30,7,1,3,7
17:34:00,7,1,3,7
17:34:30,7,1,3,7
17:35:00,7,1,3,7
17:35:30,7,1,3,7
17:36:00,7,1,3,7
17:36:30,8,2,5,8
17:37:00,8,2,5,8
17:37:30,8,2,5,8
17:38:00,8,2,5,8
17:38:30,8,2,5,8
17:39:00,8,2,5,8
17:39:30,8,2,5,8
17:40:00,8,2,5,8
17:40:30,8,2,5,8
17:41:00,8,2,5,8
17:41:30,8,2,5,8
17:42:00,8,2,5,8
17:42:30,8,2,5,8
17:43:00,8,2,5,8
17:43:30,9,3,7,10
17:44:00,9,3,7,10
17:44:30,9,3,7,10
17:45:00,9,3,7,10
17:45:30,9,2,5,10
17:46:00,9,2,5,9
17:46:30,9,2,5,9
17:47:00,9,1,3,16
17:47:30,9,1,3,16
17:48:00,9,2,6,21
17:48:30,10,3,8,22
17:49:00,9,3,7,16
17:49:30,9,3,7,16
17:50:00,9,3,7,16
17:50:30,9,3,7,16
17:51:00,9,3,7,16
17:51:30,9,3,7,16
17:52:00,9,3,7,16
17:52:30,10,4,9,17
17:53:00,10,4,9,17
17:53:30,10,4,9,17
17:54:00,10,4,9,17
17:54:30,10,4,9,17
17:55:00,10,4,9,17
17:55:30,10,4,9,17
17:56:00,10,4,9,17
17:56:30,10,4,9,17
17:57:00,10,4,9,17
17:57:30,11,4,9,19
17:58:00,11,4,9,19
17:58:30,11,4,9,19
17:59:00,11,4,9,19
17:59:30,11,4,9,19
18:00:00,11,4,9,19
18:00:30,11,3,7,18
18:01:00,11,3,7,17
18:01:30,11,3,7,18
18:02:00,11,3,7,23
18:02:30,12,4,9,25
18:03:00,12,4,9,25
18:03:30,12,4,9,25
18:04:00,12,4,9,25
18:04:30,12,4,9,25
18:05:00,12,4,9,25
18:05:30,12,4,9,25
18:06:00,10,3,6,14
18:06:30,11,3,7,16
18:07:00,11,3,7,16
18:07:30,11,4,8,19
18:08:00,11,4,8,19
18:08:30,11,4,8,19
18:09:00,11,4,8,19
18:09:30,11,4,8,19
18:10:00,11,4,8,19
18:10:30,11,4,8,19
18:11:00,11,4,8,19
18:11:30,11,4,8,23
18:12:00,11,4,8,23
18:12:30,11,4,8,23
18:13:00,11,4,8,23
18:13:30,12,5,10,25
18:14:00,12,5,10,25
18:14:30,12,4,9,31
18:15:00,11,3,7,24
18:15:30,11,2,5,23
18:16:00,11,2,5,22
18:16:30,11,2,5,33
18:17:00,11,2,5,45
18:17:30,12,2,5,46
18:18:00,12,3,7,46
18:18:30,12,3,7,46
18:19:00,12,3,7,46
18:19:30,12,3,7,46
18:20:00,12,3,7,46
18:20:30,12,3,7,46
18:21:00,12,3,8,46
18:21:30,12,3,8,46
18:22:00,12,3,8,46
18:22:30,13,3,8,46
18:23:00,13,3,8,46
18:23:30,12,2,6,37
18:24:00,12,3,7,37
18:24:30,11,2,5,29
18:25:00,11,3,7,29
18:25:30,11,3,7,29
18:26:00,10,2,5,22
18:26:30,10,2,5,22
18:27:00,10,2,5,22
18:27:30,11,3,7,24
18:28:00,11,3,7,24
18:28:30,11,3,7,24
18:29:00,10,2,5,18
18:29:30,10,2,5,18
18:30:00,10,2,5,18
18:30:30,10,1,3,17
18:31:00,10,1,3,16
18:31:30,10,1,3,26
18:32:00,10,1,3,36
18:32:30,10,1,3,36
18:33:00,10,2,5,36
18:33:30,11,2,5,32
18:34:00,11,3,7,37
18:34:30,11,3,7,37
18:35:00,10,2,5,29
18:35:30,10,2,5,29
18:36:00,10,2,6,29
18:36:30,10,3,7,29
18:37:00,9,2,5,22
18:37:30,8,2,5,16
18:38:00,7,1,3,11
18:38:30,7,1,3,11
18:39:00,7,1,3,11
18:39:30,7,1,3,11
18:40:00,7,1,2,11
18:40:30,7,1,2,7
18:41:00,7,1,2,7
18:41:30,7,1,2,7
18:42:00,7,1,2,7
18:42:30,7,1,2,7
18:43:00,7,1,2,7
18:43:30,7,1,2,7
18:44:00,7,1,2,7
18:44:30,7,1,2,7
18:45:00,7,1,2,7
18:45:30,8,1,2,8
18:46:00,8,1,2,7
18:46:30,8,1,2,11
18:47:00,8,1,2,15
18:47:30,8,1,3,21
18:48:00,8,2,5,21
18:48:30,8,2,5,17
18:49:00,7,2,5,15
18:49:30,7,2,5,15
18:50:00,7,2,5,15
18:50:30,7,2,5,15
18:51:00,7,2,5,15
18:51:30,8,2,5,16
18:52:00,8,2,5,16
18:52:30,8,2,5,16
18:53:00,8,2,5,16
18:53:30,8,2,5,16
18:54:00,8,2,5,16
18:54:30,8,2,5,16
18:55:00,8,2,5,16
18:55:30,8,2,5,16
18:56:00,8,2,5,16
18:56:30,7,1,3,11
18:57:00,7,1,3,11
18:57:30,8,1,3,11
18:58:00,8,1,3,11
18:58:30,7,1,3,7
18:59:00,7,1,3,7
18:59:30,7,1,3,7
19:00:00,7,1,2,7
19:00:30,7,1,2,6
19:01:00,7,1,2,6
19:01:30,7,1,2,8
19:02:00,7,1,2,15
19:02:30,8,2,5,16
19:03:00,7,2,5,11
19:03:30,7,2,4,11
19:04:00,7,1,2,11
19:04:30,7,1,2,11
19:05:00,7,1,2,11
19:05:30,7,1,2,11
19:06:00,7,2,4,11
19:06:30,7,2,4,11
19:07:00,7,2,4,11
19:07:30,8,2,4,13
19:08:00,7,1,2,9
19:08:30,7,1,2,9
19:09:00,7,1,2,9
19:09:30,7,1,2,9
19:10:00,7,1,2,9
19:10:30,7,1,2,9
19:11:00,7,1,2,9
19:11:30,7,1,2,9
19:12:00,7,1,2,9
19:12:30,7,1,2,9
19:13:00,7,1,2,9
19:13:30,8,1,2,9
19:14:00,8,1,2,9
19:14:30,8,1,2,9
19:15:00,8,1,2,9
19:15:30,8,0,0,8
19:16:00,8,0,0,7
19:16:30,8,0,0,13
19:17:00,8,0,0,21
19:17:30,8,1,2,21
19:18:00,8,3,6,21
19:18:30,9,4,8,22
19:19:00,9,4,8,22
19:19:30,9,4,8,22
19:20:00,8,3,6,16
19:20:30,8,3,6,16
19:21:00,8,3,6,16
19:21:30,8,3,6,16
19:22:00,8,3,6,16
19:22:30,8,3,6,16
19:23:00,8,3,6,16
19:23:30,8,3,6,16
19:24:00,8,3,6,16
19:24:30,9,3,6,18
19:25:00,9,3,6,18
19:25:30,9,3,6,18
19:26:00,8,2,4,13
19:26:30,8,2,4,13
19:27:00,8,2,4,13
19:27:30,9,2,4,13
19:28:00,9,2,4,13
19:28:30,9,2,4,13
19:29:00,9,2,4,13
19:29:30,9,2,4,13
19:30:00,9,2,4,13
19:30:30,9,1,2,12
19:31:00,9,1,2,11
19:31:30,9,1,2,19
19:32:00,9,1,2,28
19:32:30,9,1,2,28
19:33:00,9,3,6,28
19:33:30,10,4,8,29
19:34:00,10,4,8,29
19:34:30,10,4,8,29
19:35:00,10,4,8,29
19:35:30,10,4,8,29
19:36:00,10,4,9,29
19:36:30,10,4,9,29
19:37:00,10,4,9,29
19:37:30,10,4,9,29
19:38:00,10,4,9,29
19:38:30,10,4,9,29
19:39:00,9,3,7,22
19:39:30,9,3,7,22
19:40:00,8,3,7,16
19:40:30,8,2,5,13
19:41:00,8,3,6,13
19:41:30,8,3,6,13
19:42:00,6,2,4,6
19:42:30,6,2,4,6
19:43:00,6,2,4,6
19:43:30,6,2,4,6
19:44:00,6,2,4,6
19:44:30,7,2,4,6
19:45:00,7,2,4,6
19:45:30,7,0,0,5
19:46:00,7,0,0,4
19:46:30,7,0,0,8
19:47:00,7,0,0,15
19:47:30,7,1,2,15
19:48:00,7,2,4,15
19:48:30,6,2,4,10
19:49:00,6,2,4,10
19:49:30,7,3,6,11
19:50:00,7,3,6,11
19:50:30,7,3,6,11
19:51:00,7,3,6,11
19:51:30,7,3,6,11
19:52:00,6,2,4,7
19:52:30,6,2,4,7
19:53:00,6,2,4,7
19:53:30,6,2,4,7
19:54:00,6,2,4,7
19:54:30,6,2,4,7
19:55:00,6,2,4,7
19:55:30,6,2,4,7
19:56:00,6,2,4,7
19:56:30,7,2,4,9
19:57:00,7,2,4,9
19:57:30,6,1,2,6
19:58:00,6,1,2,6
19:58:30,6,1,2,6
19:59:00,6,1,2,6
19:59:30,6,1,2,6
20:00:00,6,1,2,6
20:00:30,6,0,0,5
20:01:00,5,0,0,2
20:01:30,5,0,0,4
20:02:00,4,0,0,3
20:02:30,5,0,0,3
20:03:00,5,0,0,3
20:03:30,5,0,0,3
20:04:00,5,0,0,3
20:04:30,5,0,0,3
20:05:00,5,0,0,3
20:05:30,6,1,2,4
20:06:00,6,1,2,4
20:06:30,6,1,2,4
20:07:00,6,1,2,4
20:07:30,6,1,2,4
20:08:00,6,1,2,4
20:08:30,6,1,2,4
20:09:00,6,1,2,4
20:09:30,7,1,2,6
20:10:00,7,1,2,6
20:10:30,7,1,2,6
20:11:00,7,1,2,6
20:11:30,6,1,2,4
20:12:00,6,1,2,4
20:12:30,6,1,2,4
20:13:00,6,1,2,4
20:13:30,6,1,2,4
20:14:00,6,1,2,4
20:14:30,6,1,2,4
20:15:00,6,1,2,4
20:15:30,7,0,0,4
20:16:00,7,0,0,3
20:16:30,7,0,0,5
20:17:00,7,0,0,7
20:17:30,7,0,0,7
20:18:00,7,0,0,7
20:18:30,7,1,2,7
20:19:00,7,1,2,7
20:19:30,7,1,2,7
20:20:00,7,1,2,7
20:20:30,7,1,2,7
20:21:00,7,1,2,7
20:21:30,8,2,4,11
20:22:00,8,2,4,11
20:22:30,8,1,2,11
20:23:00,8,1,2,11
20:23:30,7,1,2,7
20:24:00,6,1,2,4
20:24:30,6,1,2,4
20:25:00,6,1,2,4
20:25:30,6,1,2,4
20:26:00,6,1,2,4
20:26:30,7,1,2,6
20:27:00,7,1,2,6
20:27:30,7,2,4,9
20:28:00,7,3,6,9
20:28:30,6,2,4,6
20:29:00,6,2,4,6
20:29:30,6,2,4,6
20:30:00,6,2,4,6
20:30:30,7,1,2,5
20:31:00,7,1,2,4
20:31:30,7,1,2,9
20:32:00,6,1,2,10
20:32:30,6,1,2,10
20:33:00,6,1,2,10
20:33:30,6,1,2,7
20:34:00,6,1,2,10
20:34:30,5,1,2,6
20:35:00,5,1,2,6
20:35:30,5,1,2,6
20:36:00,5,1,3,6
20:36:30,5,1,3,6
20:37:00,5,1,3,6
20:37:30,6,2,5,7
20:38:00,6,2,5,7
20:38:30,6,2,5,7
20:39:00,6,3,6,7
20:39:30,6,3,6,7
20:40:00,6,3,6,7
20:40:30,6,3,6,7
20:41:00,6,3,6,7
20:41:30,6,3,6,7
20:42:00,5,2,4,4
20:42:30,5,2,4,4
20:43:00,5,2,4,4
20:43:30,5,2,4,4
20:44:00,5,2,4,4
20:44:30,6,2,4,6
20:45:00,6,2,4,6
20:45:30,6,1,2,5
20:46:00,6,1,2,4
20:46:30,6,1,2,7
20:47:00,6,1,2,10
20:47:30,6,1,2,10
20:48:00,6,1,2,10
20:48:30,6,1,2,10
20:49:00,6,1,2,10
20:49:30,7,1,2,10
20:50:00,6,1,2,6
20:50:30,6,1,2,6
20:51:00,6,1,2,6
20:51:30,6,1,2,6
20:52:00,6,1,2,6
20:52:30,6,1,2,6
20:53:00,6,1,2,6
20:53:30,6,1,2,6
20:54:00,6,1,2,6
20:54:30,7,2,4,7
20:55:00,7,2,4,7
20:55:30,7,2,4,7
20:56:00,7,2,4,7
20:56:30,7,2,4,7
20:57:00,7,2,4,7
20:57:30,7,2,4,7
20:58:00,7,2,4,7
20:58:30,7,2,4,7
20:59:00,7,2,4,7
20:59:30,7,2,4,7
21:00:00,7,2,4,7
21:00:30,7,2,4,7
21:01:00,6,2,4,4
21:01:30,6,2,4,7
21:02:00,6,1,2,6
21:02:30,6,1,2,7
21:03:00,6,1,2,7
21:03:30,6,1,2,10
21:04:00,6,1,2,10
21:04:30,5,1,2,6
21:05:00,5,1,2,6
21:05:30,5,1,2,6
21:06:00,5,1,2,6
21:06:30,5,1,2,6
21:07:00,5,0,0,6
21:07:30,5,0,0,6
21:08:00,4,0,0,3
21:08:30,4,0,0,3
21:09:00,4,0,0,3
21:09:30,4,0,0,3
21:10:00,4,0,0,3
21:10:30,4,0,0,3
21:11:00,4,0,0,3
21:11:30,4,0,0,3
21:12:00,4,0,0,3
21:12:30,4,0,0,3
21:13:00,3,0,0,1
21:13:30,3,0,0,1
21:14:00,3,0,0,1
21:14:30,3,0,0,1
21:15:00,3,0,0,1
21:15:30,3,0,0,1
21:16:00,3,0,0,1
21:16:30,3,0,0,1
21:17:00,3,0,0,1
21:17:30,3,0,0,1
21:18:00,3,0,0,1
21:18:30,3,0,0,1
21:19:00,3,0,0,1
21:19:30,3,0,0,1
21:20:00,3,0,0,1
21:20:30,3,0,0,1
21:21:00,3,0,0,1
21:21:30,3,0,0,1
21:22:00,3,0,0,1
21:22:30,3,0,0,1
21:23:00,3,0,0,1
21:23:30,3,0,0,1
21:24:00,3,0,0,1
21:24:30,3,0,0,1
21:25:00,3,0,0,1
21:25:30,3,0,0,1
21:26:00,3,0,0,1
21:26:30,3,0,0,1
21:27:00,3,0,0,1
21:27:30,3,0,0,1
21:28:00,3,0,0,1
21:28:30,3,0,0,1
21:29:00,3,0,0,1
21:29:30,3,0,0,1
21:30:00,3,0,0,1
21:30:30,3,0,0,1
21:31:00,3,0,0,1
21:31:30,3,0,0,1
21:32:00,3,0,0,1
21:32:30,3,0,0,1
21:33:00,3,0,0,1
21:33:30,3,0,0,1
21:34:00,3,0,0,1
21:34:30,3,0,0,1
21:35:00,3,0,0,1
21:35:30,3,0,0,1
21:36:00,3,0,0,1
21:36:30,3,0,0,1
21:37:00,3,0,0,1
21:37:30,3,0,0,1
21:38:00,3,0,0,1
21:38:30,3,0,0,1
21:39:00,3,0,0,1
21:39:30,3,0,0,1
21:40:00,3,0,0,1
21:40:30,2,0,0,0
21:41:00,2,0,0,0
21:41:30,2,0,0,0
21:42:00,2,0,0,0
21:42:30,2,0,0,0
21:43:00,2,0,0,0
21:43:30,2,0,0,0
21:44:00,2,0,0,0
21:44:30,2,0,0,0
21:45:00,2,0,0,0
21:45:30,2,0,0,0
21:46:00,2,0,0,0
21:46:30,2,0,0,0
21:47:00,2,0,0,0
21:47:30,2,0,0,0
21:48:00,2,0,0,0
21:48:30,2,0,0,0
21:49:00,2,0,0,0
21:49:30,2,0,0,0
21:50:00,2,0,0,0
21:50:30,2,0,0,0
21:51:00,2,0,0,0
21:51:30,2,0,0,0
21:52:00,2,0,0,0
21:52:30,2,0,0,0
21:53:00,2,0,0,0
21:53:30,2,0,0,0
21:54:00,2,0,0,0
21:54:30,2,0,0,0
21:55:00,2,0,0,0
21:55:30,2,0,0,0
21:56:00,2,0,0,0
21:56:30,2,0,0,0
21:57:00,2,0,0,0
21:57:30,2,0,0,0
21:58:00,2,0,0,0
21:58:30,2,0,0,0
21:59:00,2,0,0,0
21:59:30,2,0,0,0
22:00:00,2,0,0,0
22:00:30,2,0,0,0
22:01:00,2,0,0,0
22:01:30,2,0,0,0
22:02:00,2,0,0,0
22:02:30,2,0,0,0
22:03:00,2,0,0,0
22:03:30,2,0,0,0
22:04:00,2,0,0,0
22:04:30,2,0,0,0
22:05:00,2,0,0,0
22:05:30,2,0,0,0
22:06:00,2,0,0,0
22:06:30,2,0,0,0
22:07:00,2,0,0,0
22:07:30,2,0,0,0
22:08:00,2,0,0,0
22:08:30,2,0,0,0
22:09:00,2,0,0,0
22:09:30,2,0,0,0
22:10:00,2,0,0,0
22:10:30,2,0,0,0
22:11:00,2,0,0,0
22:11:30,2,0,0,0
22:12:00,2,0,0,0
22:12:30,2,0,0,0
22:13:00,2,0,0,0
22:13:30,2,0,0,0
22:14:00,2,0,0,0
22:14:30,2,0,0,0
22:15:00,2,0,0,0
22:15:30,2,0,0,0
22:16:00,2,0,0,0
22:16:30,2,0,0,0
22:17:00,2,0,0,0
22:17:30,2,0,0,0
22:18:00,2,0,0,0
22:18:30,2,0,0,0
22:19:00,2,0,0,0
22:19:30,2,0,0,0
22:20:00,2,0,0,0
22:20:30,2,0,0,0
22:21:00,2,0,0,0
22:21:30,2,0,0,0
22:22:00,2,0,0,0
22:22:30,2,0,0,0
22:23:00,2,0,0,0
22:23:30,2,0,0,0
22:24:00,2,0,0,0
22:24:30,2,0,0,0
22:25:00,2,0,0,0
22:25:30,2,0,0,0
22:26:00,2,0,0,0
22:26:30,2,0,0,0
22:27:00,2,0,0,0
22:27:30,2,0,0,0
22:28:00,2,0,0,0
22:28:30,2,0,0,0
22:29:00,2,0,0,0
22:29:30,2,0,0,0
22:30:00,2,0,0,0
22:30:30,2,0,0,0
22:31:00,2,0,0,0
22:31:30,2,0,0,0
22:32:00,2,0,0,0
22:32:30,2,0,0,0
22:33:00,2,0,0,0
22:33:30,2,0,0,0
22:34:00,2,0,0,0
22:34:30,2,0,0,0
22:35:00,2,0,0,0
22:35:30,2,0,0,0
22:36:00,2,0,0,0
22:36:30,2,0,0,0
22:37:00,2,0,0,0
22:37:30,2,0,0,0
22:38:00,2,0,0,0
22:38:30,2,0,0,0
22:39:00,2,0,0,0
22:39:30,2,0,0,0
22:40:00,2,0,0,0
22:40:30,2,0,0,0
22:41:00,2,0,0,0
22:41:30,2,0,0,0
22:42:00,2,0,0,0
22:42:30,2,0,0,0
22:43:00,2,0,0,0
22:43:30,2,0,0,0
22:44:00,2,0,0,0
22:44:30,2,0,0,0
22:45:00,2,0,0,0
22:45:30,2,0,0,0
22:46:00,2,0,0,0
22:46:30,2,0,0,0
22:47:00,2,0,0,0
22:47:30,2,0,0,1
22:48:00,2,0,0,1
22:48:30,2,0,0,1
22:49:00,1,0,0,0
22:49:30,1,0,0,0
22:50:00,1,0,0,0
22:50:30,1,0,0,0
22:51:00,1,0,0,0
22:51:30,1,0,0,0
22:52:00,1,0,0,0
22:52:30,1,0,0,0
22:53:00,1,0,0,0
22:53:30,1,0,0,0
22:54:00,1,0,0,0
22:54:30,1,0,0,0
22:55:00,1,0,0,0
22:55:30,1,0,0,0
22:56:00,1,0,0,0
22:56:30,1,0,0,0
22:57:00,1,0,0,0
22:57:30,1,0,0,0
22:58:00,1,0,0,0
22:58:30,1,0,0,0
22:59:00,1,0,0,0
22:59:30,1,0,0,0
23:00:00,1,0,0,0
23:00:30,1,0,0,0
23:01:00,1,0,0,0
23:01:30,1,0,0,0
23:02:00,1,0,0,0
23:02:30,1,0,0,0
23:03:00,1,0,0,0
23:03:30,1,0,0,0
23:04:00,1,0,0,0
23:04:30,1,0,0,0
23:05:00,1,0,0,0
23:05:30,1,0,0,0
23:06:00,1,0,0,0
23:06:30,1,0,0,0
23:07:00,1,0,0,0
23:07:30,1,0,0,0
23:08:00,1,0,0,0
23:08:30,1,0,0,0
23:09:00,1,0,0,0
23:09:30,1,0,0,0
23:10:00,1,0,0,0
23:10:30,1,0,0,0
23:11:00,1,0,0,0
23:11:30,1,0,0,0
23:12:00,1,0,0,0
23:12:30,1,0,0,0
23:13:00,1,0,0,0
23:13:30,1,0,0,0
23:14:00,1,0,0,0
23:14:30,1,0,0,0
23:15:00,1,0,0,0
23:15:30,1,0,0,0
23:16:00,1,0,0,0
23:16:30,1,0,0,0
23:17:00,1,0,0,0
23:17:30,1,0,0,0
23:18:00,1,0,0,0
23:18:30,1,0,0,0
23:19:00,1,0,0,0
23:19:30,1,0,0,0
23:20:00,1,0,0,0
23:20:30,1,0,0,0
23:21:00,1,0,0,0
23:21:30,1,0,0,0
23:22:00,1,0,0,0
23:22:30,1,0,0,0
23:23:00,1,0,0,0
23:23:30,1,0,0,0
23:24:00,1,0,0,0
23:24:30,1,0,0,0
23:25:00,1,0,0,0
23:25:30,1,0,0,0
23:26:00,1,0,0,0
23:26:30,1,0,0,0
23:27:00,1,0,0,0
23:27:30,1,0,0,0
23:28:00,1,0,0,0
23:28:30,1,0,0,0
23:29:00,1,0,0,0
23:29:30,1,0,0,0
23:30:00,1,0,0,0
23:30:30,1,0,0,0
23:31:00,1,0,0,0
23:31:30,1,0,0,0
23:32:00,1,0,0,0
23:32:30,1,0,0,0
23:33:00,0,0,0,0
23:33:30,0,0,0,0
23:34:00,0,0,0,0
23:34:30,0,0,0,0
23:35:00,0,0,0,0
23:35:30,0,0,0,0
23:36:00,0,0,0,0
23:36:30,0,0,0,0
23:37:00,0,0,0,0
23:37:30,0,0,0,0
23:38:00,0,0,0,0
23:38:30,0,0,0,0
23:39:00,0,0,0,0
23:39:30,0,0,0,0
23:40:00,0,0,0,0
23:40:30,0,0,0,0
23:41:00,0,0,0,0
23:41:30,0,0,0,0
23:42:00,0,0,0,0
23:42:30,0,0,0,0
23:43:00,0,0,0,0
23:43:30,0,0,0,0
23:44:00,0,0,0,0
23:44:30,0,0,0,0
23:45:00,0,0,0,0
23:45:30,0,0,0,0
23:46:00,0,0,0,0
23:46:30,0,0,0,0
23:47:00,0,0,0,0
23:47:30,0,0,0,0
23:48:00,0,0,0,0
23:48:30,0,0,0,0
23:49:00,0,0,0,0
23:49:30,0,0,0,0
23:50:00,0,0,0,0
23:50:30,0,0,0,0
23:51:00,0,0,0,0
23:51:30,0,0,0,0
23:52:00,0,0,0,0
23:52:30,0,0,0,0
23:53:00,0,0,0,0
23:53:30,0,0,0,0
23:54:00,0,0,0,0
23:54:30,0,0,0,0
23:55:00,0,0,0,0
23:55:30,0,0,0,0
23:56:00,0,0,0,0
23:56:30,0,0,0,0
23:57:00,0,0,0,0
23:57:30,0,0,0,0
23:58:00,0,0,0,0
23:58:30,0,0,0,0
23:59:00,0,0,0,0
23:59:30,0,0,0,0
