{ 
 "17R" :  { "default" : {"default" :[966, 1068, 1032, 662],
			 "full" : [966, 968, 656, 648],
			 "inner" : [966, 1068, 1032, 662],
			 "outer" : [1061, 1123, 1129, 684]},
	     "group1" : {"default" :[966, 1068, 1032, 662],
			 "full" : [990, 968, 656, 648],
			 "inner" : [966, 1068, 1032, 662],
			 "outer" : [990, 1129, 684]},
	     "group2" : {"default" :[966, 1068, 1032, 662],
			 "full" : [966, 968, 656, 648],
			 "inner" : [966, 1068, 1032, 662],
			 "outer" : [1129, 684]},
	     "group3" : {"default" :[966, 1068, 1032, 662],
			 "full" : [966, 968, 656, 648],
			 "inner" : [966, 1068, 1032, 662],
			 "outer" : [1121, 1129, 684]},
	     "group4" : {"default" :[966, 1068, 1032, 662],
			 "full" : [966, 968, 656, 648],
			 "inner" : [966, 1068, 1032, 662],
			 "outer" : [1096, 1129, 684]},
	     "group5" : {"default" :[966, 1069, 1032, 662],
			 "full" : [966, 968, 656, 648],
			 "inner" : [966, 1068, 1032, 662],
			 "outer" : [1122, 1129, 684]},
	     "group6" : {"default" :[966, 1068, 1032, 662],
			 "full" : [966, 968, 656, 648],
			 "inner" : [966, 1068, 1032, 662],
			 "outer" : [1097, 1129, 684]}
        }
}
